{
  "ikili_siniflama_esikleri": {
    "youden_j": {
      "esik": 0.23612097948789595,
      "youden_j": 0.5374074074074074,
      "tpr": 0.9074074074074074,
      "fpr": 0.37
    },
    "f2": {
      "esik": 0.19945431277155876,
      "f2_skoru": 0.819672131147541,
      "precision": 0.5617977528089888,
      "recall": 0.9259259259259259,
      "beta": 2.0
    },
    "f1_optimum": {
      "esik": 0.23,
      "f1_skoru": 0.7
    }
  },
  "onerilen_ikili_siniflama_esigi": 0.23,
  "onerilen_ikili_siniflama_yontemi": "f1_optimum",
  "risk_kategorileri": {
    "dusuk_ust_esik": 0.33,
    "orta_ust_esik": 0.66,
    "etiketler": [
      "dusuk",
      "orta",
      "yuksek"
    ]
  }
}