{
  "accuracy": 0.7272727272727273,
  "precision": 0.5697674418604651,
  "recall": 0.9074074074074074,
  "f1": 0.7,
  "roc_auc": 0.8252777777777777,
  "brier": 0.16198682279277657,
  "siniflama_esigi": 0.23
}