{
  "model_kodu": "pima_1000_1000_extra_trees_v1",
  "model_adi": "ExtraTrees",
  "egitim_verisi": "PIMA 1000/1000 sentetik eğitim seti",
  "ikili_siniflama_esigi": 0.45,
  "risk_kategorileri": {
    "dusuk_ust_esik": 0.33,
    "orta_ust_esik": 0.66,
    "etiketler": [
      "dusuk",
      "orta",
      "yuksek"
    ]
  },
  "benchmark_holdout_metrikleri": {
    "accuracy": 0.9392523364485982,
    "precision": 0.943127962085308,
    "recall": 0.9342723004694836,
    "sensitivity": 0.9342723004694836,
    "specificity": 0.9441860465116279,
    "f1": 0.9386792452830188,
    "roc_auc": 0.9860246751828803,
    "balanced_accuracy": 0.9392291734905558,
    "mcc": 0.8785350866651979,
    "brier": 0.04589904997296672,
    "confusion_matrix": {
      "tn": 203,
      "fp": 12,
      "fn": 14,
      "tp": 199,
      "matrix": [
        [
          203,
          12
        ],
        [
          14,
          199
        ]
      ]
    }
  },
  "benchmark_group_cv": {
    "accuracy_mean": 0.918001046881543,
    "precision_mean": 0.9092939244663383,
    "recall_mean": 0.9289893497337435,
    "specificity_mean": 0.907,
    "f1_mean": 0.9188970545983102,
    "roc_auc_mean": 0.9784548098702469,
    "balanced_accuracy_mean": 0.9179946748668717,
    "mcc_mean": 0.8364622838364777,
    "brier_mean": 0.05610909457659834,
    "max_source_intersection_count": 0
  },
  "yorum": "Bu özet güncel üretim artifactleriyle uyumludur. Harici/orijinal PIMA kontrolü klinik genellenebilirlik kanıtı değil, ek davranış kontrolü olarak yorumlanmalıdır."
}
