{
  "olusturma_zamani_utc": "2026-04-05T14:16:54.876084+00:00",
  "veri": {
    "veri_yolu": "/Users/beratkaanseven/Desktop/VSCoding/Diyabet_Projesi/diyabet_risk_tahmini/makine_ogrenmesi/veri/ham/diabetes.csv",
    "test_boyutu": 0.2,
    "random_state": 42,
    "test_ornek_sayisi": 154
  },
  "hedefler": {
    "accuracy_min": 0.9,
    "roc_auc_min": 0.8,
    "f1_min": 0.7,
    "brier_iyilesme_orani_min": 0.1
  },
  "deploy": {
    "model_adi": "xgboost",
    "kalibrasyon_yontemi": "isotonic",
    "ikili_siniflama_yontemi": "f1_optimum",
    "ikili_siniflama_esigi": 0.32,
    "risk_kategorileri": {
      "dusuk_ust_esik": 0.33,
      "orta_ust_esik": 0.66,
      "etiketler": [
        "dusuk",
        "orta",
        "yuksek"
      ]
    },
    "metrikler": {
      "accuracy": 0.7532467532467533,
      "precision": 0.6052631578947368,
      "recall": 0.8518518518518519,
      "f1": 0.7076923076923077,
      "roc_auc": 0.8222222222222221,
      "brier": 0.1612267696231907,
      "siniflama_esigi": 0.32
    },
    "esik_05_referans_metrikleri": {
      "accuracy": 0.7597402597402597,
      "precision": 0.6976744186046512,
      "recall": 0.5555555555555556,
      "f1": 0.6185567010309279,
      "roc_auc": 0.8222222222222221,
      "brier": 0.1612267696231907,
      "siniflama_esigi": 0.5
    }
  },
  "kalibrasyon": {
    "brier_once": 0.17676477134227753,
    "brier_sonra": 0.1612267696231907,
    "brier_iyilesme_orani": 0.08790214023471841,
    "brier_iyilesme_yuzde": 8.790214023471842
  },
  "model_degerlendirme_raporu": {
    "rapor_yolu": "/Users/beratkaanseven/Desktop/VSCoding/Diyabet_Projesi/diyabet_risk_tahmini/makine_ogrenmesi/raporlar/degerlendirme/model_degerlendirme_ozeti.json",
    "en_iyi_model": {
      "model_adi": "xgboost",
      "accuracy": 0.7402597402597403,
      "precision": 0.6029411764705882,
      "recall": 0.7592592592592593,
      "f1": 0.6721311475409836,
      "roc_auc": 0.8338888888888889,
      "brier": 0.16558994352817535,
      "en_iyi_cv_roc_auc": 0.8186780177187153,
      "en_iyi_parametreler": {
        "model__learning_rate": 0.1,
        "model__max_depth": 3,
        "model__n_estimators": 100
      }
    },
    "sirali_sonuclar": [
      {
        "model_adi": "xgboost",
        "accuracy": 0.7402597402597403,
        "precision": 0.6029411764705882,
        "recall": 0.7592592592592593,
        "f1": 0.6721311475409836,
        "roc_auc": 0.8338888888888889,
        "brier": 0.16558994352817535,
        "en_iyi_cv_roc_auc": 0.8186780177187153,
        "en_iyi_parametreler": {
          "model__learning_rate": 0.1,
          "model__max_depth": 3,
          "model__n_estimators": 100
        }
      },
      {
        "model_adi": "random_forest",
        "accuracy": 0.7207792207792207,
        "precision": 0.5753424657534246,
        "recall": 0.7777777777777778,
        "f1": 0.6614173228346457,
        "roc_auc": 0.8142592592592592,
        "brier": 0.17251332506258243,
        "en_iyi_cv_roc_auc": 0.8368092469545958,
        "en_iyi_parametreler": {
          "model__max_depth": 5,
          "model__n_estimators": 200
        }
      },
      {
        "model_adi": "logistic_regression",
        "accuracy": 0.7142857142857143,
        "precision": 0.5833333333333334,
        "recall": 0.6481481481481481,
        "f1": 0.6140350877192983,
        "roc_auc": 0.8081481481481482,
        "brier": 0.18278873129913262,
        "en_iyi_cv_roc_auc": 0.8438468992248062,
        "en_iyi_parametreler": {
          "model__C": 0.1
        }
      }
    ]
  },
  "hedef_durumu": {
    "accuracy_hedefi_saglandi": false,
    "roc_auc_hedefi_saglandi": true,
    "f1_hedefi_saglandi": true,
    "brier_iyilesme_hedefi_saglandi": false,
    "genel_durum": false
  }
}